<?xml version="1.0" encoding="UTF-8" standalone="yes"?>
<service serviceGroup="" cachable="false" cacheduration="" endpoint="default" groupType="" id="getXKonyAuthorization" passwordencrypted="false" security="public" type="jsonConnector" smscode="" smsenabled="false">
    <service-config>
        <config-param api-version="" appid="" name="preprocessorname" value=""/>
        <config-param api-version="" appid="" name="postprocessorname" value=""/>
        <config-param api-version="" appid="" name="preprocessorJS" value=""/>
        <config-param api-version="" appid="" name="postprocessorJS" value=""/>
        <config-param api-version="" appid="" name="endpointUrl" value="https://accounts.auth.konycloud.com/login"/>
        <config-param api-version="" appid="" name="ignorehttpproxy" value="true"/>
        <config-param api-version="" appid="" name="http.method" value="POST"/>
        <config-param api-version="" appid="" name="dataObjectName" value=""/>
        <config-param api-version="" appid="" name="sockettimeout" value=""/>
        <config-param api-version="" appid="" name="responseEncoding" value="UTF-8"/>
        <config-param api-version="" appid="" name="isembedxmlpresent" value="false"/>
        <config-param api-version="" appid="" name="retrycount" value="0"/>
    </service-config>
    <service-input passthrough="false">
        <header datatype="" name="" passthrough="false">
            <param datatype="string" defaultvalue="application/x-www-form-urlencoded" description="" encode="false" format="None" formatvalue="" name="Content-Type" order="" sms-name="" src="request" sourcevalue="" srcformatvalue="" target="" targetdatatype="" testvalue="application/x-www-form-urlencoded" value="application/x-www-form-urlencoded">
                <accessType></accessType>
            </param>
        </header>
        <param datatype="string" defaultvalue="prakash.gotukula@kony.com" description="" encode="true" format="None" formatvalue="" name="userid" order="" passnull="false" sms-name="" src="request" sourcevalue="" srcformatvalue="" target="request" targetdatatype="java.lang.String" testvalue="prakash.gotukula@kony.com" value="prakash.gotukula@kony.com">
            <accessType></accessType>
        </param>
        <param datatype="string" defaultvalue="Kony@1234" description="" encode="true" format="None" formatvalue="" name="password" order="" passnull="false" sms-name="" src="request" sourcevalue="" srcformatvalue="" target="request" targetdatatype="java.lang.String" testvalue="Kony@1234" value="Kony@1234">
            <accessType></accessType>
        </param>
        <template-param datatype="" defaultvalue="userid=$userid&amp;password=$password" description="" encode="false" format="" formatvalue="" name="message" order="" sms-name="" src="" sourcevalue="" srcformatvalue="" target="" targetdatatype="" value="userid=$userid&amp;password=$password">
            <accessType></accessType>
        </template-param>
    </service-input>
    <service-output passthrough="false">
        <param datatype="string" defaultvalue="" description="" encode="true" format="None" formatvalue="" name="refresh_token" order="" passnull="false" sms-name="" src="/refresh_token.value" sourcevalue="" srcformatvalue="" target="response" targetdatatype="java.lang.String" testvalue="" value="">
            <accessType></accessType>
        </param>
        <param datatype="string" defaultvalue="" description="" encode="true" format="None" formatvalue="" name="X_Kony_Authorization" order="" passnull="false" sms-name="" src="/claims_token.value" sourcevalue="" srcformatvalue="" target="response" targetdatatype="java.lang.String" testvalue="" value="">
            <accessType></accessType>
        </param>
        <param datatype="string" defaultvalue="" description="" encode="true" format="None" formatvalue="" name="firstname" order="" passnull="false" sms-name="" src="profile.firstname" sourcevalue="" srcformatvalue="" target="response" targetdatatype="java.lang.String" testvalue="" value="">
            <accessType></accessType>
        </param>
        <param datatype="string" defaultvalue="" description="" encode="true" format="None" formatvalue="" name="lastname" order="" passnull="false" sms-name="" src="profile.lastname" sourcevalue="" srcformatvalue="" target="response" targetdatatype="java.lang.String" testvalue="" value="">
            <accessType></accessType>
        </param>
    </service-output>
</service>
