"CreatedBy","CreatedDateTime","LastUpdatedBy","LastUpdatedDateTime","PhoneNumber","RoleId","SoftDeleteFlag","TechId","TechName","Email"
"","24-Jul-2017 07:57:21","","24-Jul-2017 07:57:21","9885941885","102","false","10000","James Edward","james.edward@kony.com"
"","24-Jul-2017 07:57:48","","24-Jul-2017 07:57:48","7789567346","102","false","10001","Samuel Gartner","samuel.gartner@kony.com"
"","24-Jul-2017 07:58:01","","24-Jul-2017 07:58:01","7789567345","102","false","10002","Jason Murphy","jason.murphy@kony.com"
"","24-Jul-2017 07:58:12","","24-Jul-2017 07:58:12","7789567342","103","false","10003","David Shaw","david.shaw@kony.com"
"","24-Jul-2017 07:58:22","","24-Jul-2017 07:58:22","9989567342","103","false","10004","David Bloom","david.bloom@kony.com"
"","26-Jul-2017 04:43:04","","26-Jul-2017 04:43:04","9949601234","103","false","10005","wouser1 texas","wouser1.texas@kony.com"
"","26-Jul-2017 04:42:49","","26-Jul-2017 04:42:49","9949601235","103","false","10006","wouser2 texas","wouser2.texas@kony.com"
"","25-Jul-2017 12:43:30","","25-Jul-2017 12:43:30","9949601236","103","false","10007","wouser3 orlando","wouser3.orlando@kony.com"
"","25-Jul-2017 12:43:48","","25-Jul-2017 12:43:48","9949601237","103","false","10008","wouser4 orlando","wouser4.orlando@kony.com"
"","24-Jul-2017 10:45:10","","24-Jul-2017 10:45:10","9949601239","103","false","10010","wouser6 hyd","wouser6.hyd@kony.com"
"","24-Jul-2017 10:45:19","","24-Jul-2017 10:45:19","9949601240","103","false","10011","wouser7 hyd","wouser7.hyd@kony.com"
