"CreatedBy","CreatedDateTime","LastUpdatedBy","LastUpdatedDateTime","SoftDeleteFlag","Status","WorkOrderDesc","WorkOrderId","WorkOrderTitle"
"","28-Jul-2017 13:37:38","","31-Jul-2017 11:16:06","false","Assigned","testing","1008","ui"
"","16-Aug-2017 14:22:16","","16-Aug-2017 14:33:49","false","Assigned","ensure security and privacy at kony divyasree","1021","ensure security and privacy at kony divyasree"
"","16-Aug-2017 11:57:20","","16-Aug-2017 12:02:29","false","New","Workorder 16Aug2017 1726 Workorder 16Aug2017 1726 Workorder 16Aug2017 1726 Workorder 16Aug2017 1726","1031","Workorder 16Aug2017 1726 Workorder 16Aug2017 1726"
"","18-Sep-2017 07:46:46","","18-Sep-2017 09:28:23","false","New","work order 18Sep2017 1317","1051","work order 18Sep2017 1317"
"","14-Aug-2017 10:32:39","","16-Aug-2017 10:11:58","false","New","Demo Test Notification 02","1055","Demo Test Notification 02"
"","04-Aug-2017 12:59:09","","09-Aug-2017 10:07:44","false","New","work order 04Aug2017 1829","1059","work order 04Aug2017 1829"
"","14-Sep-2017 13:07:38","","18-Sep-2017 09:19:32","false","New","workorder 1638","1060","workorder 1638"
"","14-Aug-2017 10:18:49","","14-Aug-2017 11:33:46","false","New","Test Work Order 10:18 AM ","1068","Test Work Order 10:18 AM "
"","17-Aug-2017 02:06:09","","17-Aug-2017 02:08:42","false","Assigned","Reddy Test Order Android 1 ","1070","Reddy Test Order Android 1 "
"","14-Sep-2017 14:08:00","","14-Sep-2017 14:09:46","false","In Progress","WorkOrder #4321","1072","WorkOrder #4321"
"","15-Sep-2017 07:23:58","","18-Sep-2017 09:30:21","false","Assigned","Workorder 15Sep2017 1253","1079","Workorder 15Sep2017 1253"
"","17-Aug-2017 20:49:23","","17-Aug-2017 20:54:33","false","In Progress","Demo Geoboundary Work Order","1083","Demo Geoboundary Work Order"
"","16-Aug-2017 14:15:25","","18-Sep-2017 09:27:14","false","New","setup work stations at kony divyasree","1094","setup work stations at kony divyasree"
"","18-Sep-2017 09:10:33","","18-Sep-2017 09:28:04","false","New","work order 18Sep2017 1440","1095","work order 18Sep2017 1440"
"","17-Aug-2017 20:30:49","","17-Aug-2017 20:31:29","false","Completed","Demo Test Work Order 1 ","1109","Demo Test Work Order 1 "
"","25-Jul-2017 10:05:24","","04-Aug-2017 10:35:45","false","New","workorder 25July2017 1535","1111","workorder 25July2017 1535"
"","27-Jul-2017 12:55:09","","14-Aug-2017 07:08:48","false","New","Test for UI 2","1118","Test"
"","11-Sep-2017 12:58:36","","11-Sep-2017 12:59:55","false","Requested","Work Order #12111","1136","Work Order #12111"
"","18-Sep-2017 09:09:13","","18-Sep-2017 09:27:39","false","New","work order 18Sep2017 1439","1142","work order 18Sep2017 1439"
"","16-Aug-2017 09:19:19","","16-Aug-2017 12:03:07","false","New","Workorder 16Aug2017 1449","1182","Workorder 16Aug2017 1449"
"","04-Aug-2017 13:47:48","","09-Aug-2017 09:14:17","false","New","work roder 04Aug17 1917","1188","work roder 04Aug17 1917"
"","18-Sep-2017 09:15:15","","18-Sep-2017 09:33:55","false","Completed","work order 18Sep2017 1445","1191","work order 18Sep2017 1445"
"","16-Aug-2017 14:14:15","","14-Sep-2017 13:10:11","false","New","Ensure privacy and security at kony phoenix","1195","Ensure privacy and security at kony phoenix"
"","17-Aug-2017 03:10:57","","17-Aug-2017 03:11:21","false","In Progress","REddy Test on Thu ","1199","REddy Test on Thu - android"
"","31-Jul-2017 11:17:57","","31-Jul-2017 12:31:58","false","Assigned","","1208",""
"","27-Jul-2017 12:59:40","","27-Jul-2017 12:59:40","","New","Testing","1223","Test for UI3"
"","18-Sep-2017 07:46:22","","18-Sep-2017 09:28:20","false","New","work order 18Sep2017 1316","1231","work order 18Sep2017 1316"
"","21-Aug-2017 19:05:33","","21-Aug-2017 19:07:32","false","Completed","Fix the computer Screen at 38th and sun street.","1233","Fix the computer Screen at 38th and sun street."
"","16-Aug-2017 11:58:26","","16-Aug-2017 12:01:18","false","New","Workorder 16Aug2017 1728 Workorder 16Aug2017 1728 Workorder 16Aug2017 1728 Workorder 16Aug2017 1728","1239","Workorder 16Aug2017 1728 Workorder 16Aug2017 1728"
"","25-Jul-2017 16:15:09","","25-Jul-2017 16:21:17","false","Completed","Test Work Order on Tuesday 4 - Campaign","1261","Test Work Order on Tuesday 4 - Campaign"
"","21-Aug-2017 14:39:00","","21-Aug-2017 14:43:09","false","Completed","Repair the Broken pipe at 256th and 9th. This will need to be fixed on priority due to high impact.","1269","Repair the Broken Pipe at 256th and 9th"
"","25-Jul-2017 16:08:24","","25-Jul-2017 16:21:13","false","Completed","Reddy Test Order on tuesday 3 - android","1274","Reddy Test Order on tuesday 3 - android"
"","17-Aug-2017 06:57:03","","17-Aug-2017 06:57:46","false","In Progress","work order 17Aug2017 1226","1282","work order 17Aug2017 1226"
"","16-Aug-2017 21:25:01","","16-Aug-2017 21:29:32","false","Completed","Reddy Test Work Order 3","1285","Reddy Test Work Order 3"
"","28-Jul-2017 07:40:37","","17-Aug-2017 07:00:29","false","New","","1297",""
"","17-Aug-2017 02:15:28","","17-Aug-2017 02:16:00","false","Completed","Reddy Test Work Order 1 - ios ","1309","Reddy Test Work Order 1 - ios "
"","25-Jul-2017 08:33:04","","25-Jul-2017 12:56:16","false","New","workorder 25July 2017 1402","1314","workorder 25July 2017 1402"
"","16-Aug-2017 09:52:22","","16-Aug-2017 12:02:37","false","New","Workorder 16Aug2017 1522","1318","Workorder 16Aug2017 1522"
"","14-Aug-2017 10:32:20","","16-Aug-2017 12:03:14","false","New","Demo Test Notification 01","1327","Demo Test Notification 01"
"","17-Aug-2017 17:17:40","","17-Aug-2017 17:19:21","false","Completed","Reddy Test Order 2 on Thu  - IOS","1339","Reddy Test Order 2 on Thu  - IOS"
"","25-Jul-2017 16:03:29","","25-Jul-2017 16:13:09","false","In Progress","Reddy Test Order for Overdue - Android","1347","Reddy Test Order for Overdue - Android"
"","17-Aug-2017 21:39:59","","17-Aug-2017 21:41:06","false","In Progress","Matt Geoboundary Test","1348","Matt Geoboundary Test"
"","16-Aug-2017 12:47:21","","14-Sep-2017 06:43:13","false","New","workorder 16Aug2017 1817","1357","workorder 16Aug2017 1817"
"","17-Aug-2017 02:16:43","","17-Aug-2017 02:18:21","false","In Progress","REddy Test Geoboundary - ios or android ","1364","REddy Test Geoboundary - ios or android "
"","14-Sep-2017 13:07:29","","18-Sep-2017 09:27:26","false","New","workorder 1637","1381","workorder 1637"
"","16-Aug-2017 12:42:24","","16-Aug-2017 13:24:34","false","New","workorder 16Aug2017 1812","1386","workorder 16Aug2017 1812"
"","13-Sep-2017 11:54:46","","18-Sep-2017 09:32:29","false","Completed","workorder 13092017 1724","1397","workorder 13092017 1724"
"","21-Aug-2017 18:50:15","","21-Aug-2017 18:50:40","false","Assigned","Fix the computer Screen at 35th and Norwell. The screen is of wide type.","1398","Fix the computer Screen at 35th and Norwell."
"","16-Aug-2017 20:42:18","","16-Aug-2017 20:42:34","false","Assigned","Reddy Test Work Order 1","1408","Reddy Test Work Order1"
"","24-Jul-2017 12:04:32","","14-Aug-2017 09:11:01","false","New","Work Order August 2017","1411","Work Order August 14th, 2017 Latest"
"","11-Sep-2017 12:54:31","","11-Sep-2017 13:09:59","false","Completed","Work order #124152","1426","Work order #124152"
"","14-Aug-2017 10:32:55","","16-Aug-2017 12:03:44","false","New","Demo Test Notification 03","1433","Demo Test Notification 03"
"","14-Aug-2017 11:09:46","","14-Aug-2017 11:36:05","false","New","Testing Notification function  for Landing Page","1438","Testing Notification function  for Landing Page"
"","17-Aug-2017 02:12:02","","17-Aug-2017 02:13:16","false","Completed","Reddy Test Work Order 2 - Android","1440","Reddy Test Work Order 2 - Android"
"","24-Jul-2017 13:17:04","","24-Jul-2017 13:29:23","true","In Progress","work order 24Jul 1847","1449","work order 24Jul 1847"
"","17-Aug-2017 17:06:26","","17-Aug-2017 17:07:31","false","In Progress","Reddy Test Geoboundaries on Thu","1450","Reddy Test Geoboundaries on Thu"
"","16-Aug-2017 11:25:49","","16-Aug-2017 12:01:36","false","New","Workorder 16Aug2017 1655 Workorder 16Aug2017 1655","1451","Workorder 16Aug2017 1655 Workorder 16Aug2017 1655"
"","14-Sep-2017 06:30:16","","18-Sep-2017 09:27:42","false","New","workorder 14sep2017 1200","1455","workorder 14sep2017 1200"
"","04-Aug-2017 12:24:52","","16-Aug-2017 12:01:14","false","New","Please whitelist 10.10.10.123 in to access customer back-end server","1458","work order 04Aug2018 1754"
"","14-Sep-2017 17:30:06","","18-Sep-2017 09:45:17","false","In Progress","workorder3738#","1464","workorder3738#"
"","16-Aug-2017 09:39:50","","16-Aug-2017 12:01:33","false","New","Workorder 16Aug2017 1509 Workorder 16Aug2017 1509","1469","Workorder 16Aug2017 1509 Workorder 16Aug2017 1509"
"","14-Sep-2017 06:29:08","","18-Sep-2017 09:27:30","false","New","workorder 14sep2017 1159","1473","workorder 14sep2017 1159"
"","16-Aug-2017 12:45:30","","16-Aug-2017 13:24:27","false","New","workorder 16Aug2017 1815","1474","workorder 16Aug2017 1815"
"","16-Aug-2017 14:20:12","","16-Aug-2017 14:33:03","false","Assigned","check hardware at kony divyasree","1476","check hardware at kony divyasree"
"","27-Jul-2017 12:25:11","","27-Jul-2017 12:34:48","false","Assigned","Test for UI","1516","Test"
"","25-Jul-2017 08:33:46","","04-Aug-2017 12:48:56","false","New","workorder 25July 2017 1410","1526","workorder 25July 2017 1410"
"","14-Aug-2017 07:19:40","","14-Aug-2017 09:13:55","false","New","Testing app","1556","Work Order 14th Aug 2017 12:49"
"","24-Jul-2017 13:16:50","","24-Jul-2017 13:29:16","true","New","work order 24Jul 1846","1566","work order 24Jul 1846"
"","04-Aug-2017 13:53:45","","14-Aug-2017 07:10:22","false","New","work roder 04Aug17 1923","1567","work roder 04Aug17 1923"
"","25-Jul-2017 16:11:16","","25-Jul-2017 16:14:15","false","In Progress","Reddy Test Order on Tuesday 4 - ios","1570","Reddy Test Order on Tuesday 4 - ios"
"","11-Sep-2017 11:21:33","","11-Sep-2017 12:00:02","false","Assigned","Work order 11Sep2017 1651","1572","Work order 11Sep2017 1651"
"","14-Sep-2017 06:28:10","","14-Sep-2017 06:54:25","false","New","workorder 14sep2017 1158","1574","workorder 14sep2017 1158"
"","16-Aug-2017 10:01:21","","16-Aug-2017 12:02:49","false","New","Workorder 16Aug2017 1531 Workorder 16Aug2017 1531","1587","Workorder 16Aug2017 1531 Workorder 16Aug2017 1531"
"","14-Aug-2017 08:57:08","","14-Aug-2017 09:13:38","false","New","New Entry","1610","New Entry"
"","17-Aug-2017 17:02:57","","17-Aug-2017 17:04:22","false","In Progress","Reddy Test1 on Thu -Android","1611","Reddy Test1 on Thu -Android"
"","17-Aug-2017 21:38:23","","17-Aug-2017 21:39:15","false","Completed","Matt Demo 1","1613","Matt Demo 1"
"","04-Aug-2017 12:32:34","","09-Aug-2017 10:08:00","false","New","work order 04Aug2017 1802","1616","work order 04Aug2017 1802"
"","14-Aug-2017 08:36:06","","14-Aug-2017 09:10:07","false","New","New Work","1617","New Work"
"","04-Aug-2017 12:34:21","","14-Aug-2017 07:07:59","false","New","work order 04Aug2017 1804","1623","work order 04Aug2017 1804"
"","24-Jul-2017 12:55:34","","24-Jul-2017 13:29:07","true","Assigned","workorder sec","1639","workorder sec"
"","14-Sep-2017 17:12:33","","18-Sep-2017 09:27:33","false","New","workorder #3637","1642","workorder #3637"
"","17-Aug-2017 17:03:20","","17-Aug-2017 17:04:26","false","In Progress","Reddy Test1 on Thu - IOS","1643","Reddy Test1 on Thu - IOS"
"","17-Aug-2017 17:17:28","","17-Aug-2017 17:19:17","false","Completed","Reddy Test Order 2 on Thu  - Android","1689","Reddy Test Order 2 on Thu  - Android"
"","04-Aug-2017 12:35:07","","16-Aug-2017 12:01:22","false","New","work order 04Aug2017 1805","1690","work order 04Aug2017 1805"
"","25-Jul-2017 10:02:53","","04-Aug-2017 12:50:01","false","New","workorder 25July2017 1532","1693","workorder 25July2017 1532"
"","04-Aug-2017 12:25:56","","09-Aug-2017 10:38:58","false","New","Please whitelist 10.10.10.123 in to access customer back-end server","1721","Please whitelist 10.10.10.123"
"","17-Aug-2017 07:02:35","","11-Sep-2017 13:09:01","false","Completed","work order 17Aug2017 1232","1739","work order 17Aug2017 1232"
"","21-Aug-2017 19:00:29","","21-Aug-2017 19:03:00","false","Completed","Fix the computer Screen at 38th and sun street.","1743","Fix the computer Screen at 38th and sun street."
"","17-Aug-2017 06:31:04","","17-Aug-2017 06:57:43","false","In Progress","work order 17Aug2017 1200","1766","work order 17Aug2017 1200"
"","18-Sep-2017 09:12:17","","18-Sep-2017 09:38:12","false","Completed","work order 18Sep2017 1442","1789","work order 18Sep2017 1442"
"","04-Aug-2017 12:37:47","","16-Aug-2017 12:01:26","false","New","work order 04Aug2017 1807","1793","work order 04Aug2017 1807"
"","16-Aug-2017 12:43:19","","16-Aug-2017 13:24:16","false","New","workorder 16Aug2017 1813","1794","workorder 16Aug2017 1813"
"","14-Sep-2017 06:27:19","","14-Sep-2017 06:54:24","false","New","workorder 14sep2017 1157","1796","workorder 14sep2017 1157"
"","17-Aug-2017 20:44:24","","17-Aug-2017 20:46:55","false","Completed","Thu Demo Work Order ","1798","Thu Demo Work Order "
"","18-Sep-2017 09:11:24","","18-Sep-2017 09:27:35","false","New","work order 18Sep2017 1441","1800","work order 18Sep2017 1441"
"","17-Aug-2017 06:58:04","","17-Aug-2017 07:07:00","false","In Progress","work order 17Aug2017 1227","1810","work order 17Aug2017 1227"
"","17-Aug-2017 17:20:08","","17-Aug-2017 17:21:09","false","Completed","Geoboundary Test on Thu Reddy","1817","Geoboundary Test on Thu Reddy"
"","21-Aug-2017 15:43:14","","21-Aug-2017 15:44:26","false","Requested","Fix the computer at 25, westward Street. Not urgent.","1818","Fix the computer at 25, westward Street"
"","21-Aug-2017 18:58:10","","21-Aug-2017 18:59:06","false","Assigned","Fix the computer Screen at 35th and Norwell.","1821","Fix the computer Screen at 35th and Norwell."
"","25-Jul-2017 08:33:35","","04-Aug-2017 12:50:16","false","New","workorder 25July 2017 1405","1828","workorder 25July 2017 1405"
"","14-Aug-2017 07:23:49","","14-Aug-2017 07:34:58","false","New","New Test Order","1834","New Test Order"
"","14-Sep-2017 14:05:40","","14-Sep-2017 14:12:41","false","Completed","WorkOrder #1234","1847","WorkOrder #1234"
"","14-Aug-2017 10:33:09","","16-Aug-2017 12:03:29","false","New","Demo Test Notification 04","1888","Demo Test Notification 04"
"","16-Aug-2017 14:06:11","","18-Sep-2017 09:27:15","false","New","Setup workstations at kony phoenix","1892","Setup workstations at kony phoenix"
"","14-Aug-2017 09:14:27","","14-Aug-2017 11:36:24","false","New","yeah its done!!!!","1895","I have done the triming"
"","14-Aug-2017 07:51:13","","14-Aug-2017 08:32:51","false","New","Test New Work Order Trim","1903","Test New Work Order Trim"
"","25-Jul-2017 16:03:53","","25-Jul-2017 16:13:47","false","In Progress","Reddy Test Order Overdue Tue 2- IOS","1907","Reddy Test Order Overdue Tue 2- IOS"
"","15-Sep-2017 07:25:30","","18-Sep-2017 09:29:16","false","Assigned","Workorder 15Sep2017 1255","1914","Workorder 15Sep2017 1255"
"","26-Jul-2017 06:59:52","","04-Aug-2017 12:49:48","false","New","workorder 26July2017","1924","workorder 26July2017"
"","16-Aug-2017 11:23:40","","16-Aug-2017 12:02:59","false","New","Workorder 16Aug2017 1653 Workorder 16Aug2017 1653","1925","Workorder 16Aug2017 1653 Workorder 16Aug2017 1653"
"","16-Aug-2017 21:03:22","","16-Aug-2017 21:23:26","false","In Progress","Reddy Test Work Order 2","1926","Reddy Test Work Order 2"
"","16-Aug-2017 12:39:41","","16-Aug-2017 13:24:40","false","New","workorder 16Aug2017 1809","1943","workorder 16Aug2017 1809"
"","14-Sep-2017 13:11:18","","18-Sep-2017 09:28:41","false","New","workorder 1639","1947","workorder 1639"
"","04-Aug-2017 13:00:43","","16-Aug-2017 12:01:30","false","New","work order 04Aug2017 1830","1952","work order 04Aug2017 1830"
"","16-Aug-2017 14:08:23","","18-Sep-2017 09:27:09","false","New","Check hardware at kony phoenix","1957","Check hardware at kony phoenix"
"","14-Sep-2017 17:36:25","","18-Sep-2017 09:29:34","false","Assigned","workorder#1213","1960","workorder#1213"
"","21-Aug-2017 15:11:50","","21-Aug-2017 15:13:16","false","Assigned","Fix the broken power line at 5th and 7th. Wire hanging hence a top priority.","1973","Fix the broken power line at 5th and 7th"
"","13-Sep-2017 11:55:08","","18-Sep-2017 09:27:19","false","New","workorder 13092017 1725","1981","workorder 13092017 1725"
"","18-Sep-2017 09:41:29","","18-Sep-2017 09:42:05","false","In Progress","work order 18Sep2017 1511","1982","work order 18Sep2017 1511"
"","11-Sep-2017 13:10:23","","11-Sep-2017 13:28:17","false","Completed","Work Order #12123","1985","Work Order #12123"
