<?xml version="1.0" encoding="UTF-8" standalone="yes"?>
<service serviceGroup="" cachable="false" cacheduration="" endpoint="default" groupType="" id="sendMsgNotification" passwordencrypted="false" security="public" type="jsonConnector" smscode="" smsenabled="false">
    <service-config>
        <config-param api-version="" appid="" name="preprocessorname" value=""/>
        <config-param api-version="" appid="" name="postprocessorname" value=""/>
        <config-param api-version="" appid="" name="preprocessorJS" value=""/>
        <config-param api-version="" appid="" name="postprocessorJS" value=""/>
        <config-param api-version="" appid="" name="endpointUrl" value="https://mftrial1.messaging.konycloud.com/message/"/>
        <config-param api-version="" appid="" name="ignorehttpproxy" value="true"/>
        <config-param api-version="" appid="" name="http.method" value="POST"/>
        <config-param api-version="" appid="" name="dataObjectName" value=""/>
        <config-param api-version="" appid="" name="sockettimeout" value=""/>
        <config-param api-version="" appid="" name="responseEncoding" value="UTF-8"/>
        <config-param api-version="" appid="" name="isembedxmlpresent" value="false"/>
        <config-param api-version="" appid="" name="retrycount" value="0"/>
    </service-config>
    <service-input passthrough="false">
        <header datatype="" name="" passthrough="false"/>
        <param datatype="string" defaultvalue="" description="" encode="true" format="None" formatvalue="" name="data" order="" passnull="false" sms-name="" src="request" sourcevalue="" srcformatvalue="" target="request" targetdatatype="java.lang.String" testvalue="Hello James." value="">
            <accessType></accessType>
        </param>
        <param datatype="string" defaultvalue="" description="" encode="true" format="None" formatvalue="" name="ufid" order="" passnull="false" sms-name="" src="request" sourcevalue="" srcformatvalue="" target="request" targetdatatype="java.lang.String" testvalue="james.edward@kony.com" value="">
            <accessType></accessType>
        </param>
        <param datatype="string" defaultvalue="" description="" encode="true" format="None" formatvalue="" name="appId" order="" passnull="false" sms-name="" src="request" sourcevalue="" srcformatvalue="" target="request" targetdatatype="java.lang.String" testvalue="90fe126e-a40a-44d0-a6f7-b727f3a47afa" value="">
            <accessType></accessType>
        </param>
        <template-param datatype="" defaultvalue="{&#xA;    &quot;messageRequest&quot;: {&#xA;        &quot;appId&quot;: &quot;$appId&quot;,&#xA;        &quot;global&quot;: {},&#xA;        &quot;messages&quot;: {&#xA;            &quot;message&quot;: {&#xA;                &quot;content&quot;: {&#xA;                    &quot;priorityService&quot;: &quot;true&quot;,&#xA;                    &quot;data&quot;: &quot;$data&quot;,&#xA;                    &quot;mimeType&quot;: &quot;text/plain&quot;&#xA;                },&#xA;                &quot;overrideMessageId&quot;: 0,&#xA;                &quot;startTimestamp&quot;: &quot;0&quot;,&#xA;                &quot;expiryTimestamp&quot;: &quot;0&quot;,&#xA;                &quot;subscribers&quot;: {&#xA;                    &quot;subscriber&quot;: [&#xA;                        {&#xA;                            &quot;ufid&quot;: &quot;$ufid&quot;&#xA;                        }&#xA;                    ]&#xA;                },&#xA;                &quot;platformSpecificProps&quot;: {&#xA;                    &quot;title&quot;: &quot;Work Order Management&quot;,&#xA;                    &quot;iphone&quot;: {&#xA;                     &quot;title&quot;: &quot;Work Order Management&quot;,&#xA;                        &quot;customData&quot;: {}&#xA;                    },&#xA;                    &quot;blackberry&quot;: {},&#xA;                    &quot;android&quot;: {&#xA;                    &quot;title&quot;: &quot;Work Order Management&quot;&#xA;                    },&#xA;                    &quot;jpush&quot;: {&#xA;                        &quot;key&quot;: [&#xA;                            {&#xA;                       &quot;name&quot;: &quot;title&quot;,&#xA;                       &quot;value&quot;: &quot;Work Order Management&quot;&#xA;                            }&#xA;                        ]&#xA;                    },&#xA;                    &quot;windows&quot;: {&#xA;                        &quot;notificationType&quot;: &quot;TOAST&quot;,&#xA;                  &quot;text1&quot;: &quot;Work Order Management&quot;,&#xA;                  &quot;text2&quot;: &quot;Sample Work Test message.&quot;,&#xA;                        &quot;params&quot;: {}&#xA;                    },&#xA;                    &quot;wns&quot;: {&#xA;                        &quot;notificationType&quot;: &quot;TOAST&quot;,&#xA;                        &quot;text1&quot;: &quot;Work Order Management&quot;,&#xA;                        &quot;text2&quot;: &quot;Sample Work Test message.&quot;,&#xA;                        &quot;params&quot;: {},&#xA;                        &quot;image&quot;: {},&#xA;                        &quot;text&quot;: {}&#xA;                    }&#xA;                },&#xA;                &quot;type&quot;: &quot;PUSH&quot;&#xA;            }&#xA;        }&#xA;    }&#xA;}" description="" encode="false" format="" formatvalue="" name="message" order="" sms-name="" src="" sourcevalue="" srcformatvalue="" target="" targetdatatype="" value="{&#xA;    &quot;messageRequest&quot;: {&#xA;        &quot;appId&quot;: &quot;$appId&quot;,&#xA;        &quot;global&quot;: {},&#xA;        &quot;messages&quot;: {&#xA;            &quot;message&quot;: {&#xA;                &quot;content&quot;: {&#xA;                    &quot;priorityService&quot;: &quot;true&quot;,&#xA;                    &quot;data&quot;: &quot;$data&quot;,&#xA;                    &quot;mimeType&quot;: &quot;text/plain&quot;&#xA;                },&#xA;                &quot;overrideMessageId&quot;: 0,&#xA;                &quot;startTimestamp&quot;: &quot;0&quot;,&#xA;                &quot;expiryTimestamp&quot;: &quot;0&quot;,&#xA;                &quot;subscribers&quot;: {&#xA;                    &quot;subscriber&quot;: [&#xA;                        {&#xA;                            &quot;ufid&quot;: &quot;$ufid&quot;&#xA;                        }&#xA;                    ]&#xA;                },&#xA;                &quot;platformSpecificProps&quot;: {&#xA;                    &quot;title&quot;: &quot;Work Order Management&quot;,&#xA;                    &quot;iphone&quot;: {&#xA;                     &quot;title&quot;: &quot;Work Order Management&quot;,&#xA;                        &quot;customData&quot;: {}&#xA;                    },&#xA;                    &quot;blackberry&quot;: {},&#xA;                    &quot;android&quot;: {&#xA;                    &quot;title&quot;: &quot;Work Order Management&quot;&#xA;                    },&#xA;                    &quot;jpush&quot;: {&#xA;                        &quot;key&quot;: [&#xA;                            {&#xA;                       &quot;name&quot;: &quot;title&quot;,&#xA;                       &quot;value&quot;: &quot;Work Order Management&quot;&#xA;                            }&#xA;                        ]&#xA;                    },&#xA;                    &quot;windows&quot;: {&#xA;                        &quot;notificationType&quot;: &quot;TOAST&quot;,&#xA;                  &quot;text1&quot;: &quot;Work Order Management&quot;,&#xA;                  &quot;text2&quot;: &quot;Sample Work Test message.&quot;,&#xA;                        &quot;params&quot;: {}&#xA;                    },&#xA;                    &quot;wns&quot;: {&#xA;                        &quot;notificationType&quot;: &quot;TOAST&quot;,&#xA;                        &quot;text1&quot;: &quot;Work Order Management&quot;,&#xA;                        &quot;text2&quot;: &quot;Sample Work Test message.&quot;,&#xA;                        &quot;params&quot;: {},&#xA;                        &quot;image&quot;: {},&#xA;                        &quot;text&quot;: {}&#xA;                    }&#xA;                },&#xA;                &quot;type&quot;: &quot;PUSH&quot;&#xA;            }&#xA;        }&#xA;    }&#xA;}">
            <accessType></accessType>
        </template-param>
    </service-input>
    <service-output passthrough="false"/>
</service>
