{
  "operationConfig" : {
    "name" : "createWorkOrder5531",
    "type" : "MappedToBackend",
    "cachable" : false,
    "smsEnabled" : false,
    "security" : "public",
    "responseEncoding" : "UTF-8",
    "httpMethod" : "GET",
    "decodeResponseBody" : false,
    "referencingEndpoint" : "default",
    "inputs" : [ {
      "id" : "WorkOrderId",
      "scope" : "request",
      "dataType" : "string",
      "encode" : true,
      "passNull" : false
    }, {
      "id" : "WorkOrderTitle",
      "scope" : "request",
      "dataType" : "string",
      "encode" : true,
      "passNull" : false
    }, {
      "id" : "WorkOrderDesc",
      "scope" : "request",
      "dataType" : "string",
      "encode" : true,
      "passNull" : false
    }, {
      "id" : "Status",
      "scope" : "request",
      "dataType" : "string",
      "encode" : true,
      "passNull" : false
    } ],
    "iMapping" : "<?xml version=\"1.0\" encoding=\"UTF-8\" standalone=\"yes\"?><mapper xmlns=\"http://www.kony.com/ns/mapper\">  <map inputpath=\"request_in\" outputpath=\"request_out\">    <exec-function name=\"kony.gen.obj.WorkOrder__hierarchy.toLOBFields\"/>  </map></mapper>",
    "oMapping" : "<?xml version=\"1.0\" encoding=\"UTF-8\" standalone=\"yes\"?><mapper xmlns=\"http://www.kony.com/ns/mapper\">  <map inputpath=\"response_in\" outputpath=\"response_out\">    <map outputpath=\"WorkOrder\">      <exec-function name=\"kony.gen.obj.WorkOrder__hierarchy.fromLOBFields\"/>    </map>  </map></mapper>",
    "applyCommonMapping" : true,
    "opcode" : "create",
    "relationshipHierarchyMapping" : {
      "children" : [ ],
      "name" : "WorkOrder",
      "actions" : {
        "create" : true,
        "update" : true,
        "partialupdate" : true
      },
      "selected" : true
    },
    "requestXmlMappingOverride" : true,
    "responseXmlMappingOverride" : true
  }
}